Workbook
Name SegmentaciónDeDatos_Product_Code: #N/A
Name SegmentaciónDeDatos_Región: #N/A

Sheet Cover
B2: EXCEL DATA ANALYSIS PORTFOLIO
B5: Case: Technology retail company (fictitious data); TechnoCell
B7: Aryen Gabriel Arauz Castillo
B8: Information Technology Engineering (ITI) student — UTN, Pacific Campus
B10: Project objective: To demonstrate command of Excel functions (lookup, conditional, statistical, conditional formatting, data validation and pivot tables) by solving a simulated business case: tracking the sales, quotas and performance of a fictitious technology company. Each tab includes synthetic starting data; the goal is to achieve command of Excel tools (intermediate level) by filling in tables with formulas dynamically, filtering data and validating it.

Sheet Master Data
B2: MASTER DATA — REFERENCE TABLES
B3: These tables serve as helpers and guides and are not modified.
B5: PRODUCT CATALOG | F5: SELLERS
B6: Code | C6: Product | D6: Unit Price | F6: Code | G6: Name | H6: Region | I6: Monthly Quota
B7: P-01 | C7: Laptop 15" | D7: 450000 | F7: V-01 | G7: Andrea Solano | H7: GAM | I7: 1350000
B8: P-02 | C8: Monitor 24" | D8: 95000 | F8: V-02 | G8: Kevin Mora | H8: GUANACASTE | I8: 3250000
B9: P-03 | C9: Mouse Inalámbrico | D9: 12000 | F9: V-03 | G9: Priscilla Jiménez | H9: PUNTARENAS | I9: 850000
B10: P-04 | C10: Teclado Mecánico | D10: 35000 | F10: V-04 | G10: Esteban Rojas | H10: ZONA SUR | I10: 900000
B11: P-05 | C11: Audífonos Bluetooth | D11: 28000 | F11: V-05 | G11: Melissa Campos | H11: GAM | I11: 5500000
B12: P-06 | C12: Parlantes USB | D12: 45000 | F12: V-06 | G12: Diego Vargas | H12: GUANACASTE | I12: 4750000
B13: P-07 | C13: Silla Gamer | D13: 180000 | F13: V-07 | G13: Natalia Chinchilla | H13: PUNTARENAS | I13: 1650000
B14: P-08 | C14: Escritorio Ajustable | D14: 120000 | F14: V-08 | G14: Josué Salas | H14: ZONA SUR | I14: 1850000
B15: P-09 | C15: Tablet 10" | D15: 210000
B16: P-10 | C16: Impresora Multifuncional | D16: 95000 | F16: Table 2: Contains the seller's code, name, region and monthly quota. Sellers are later evaluated on their performance against their quota and filtered by code or region.
B17: P-11 | C17: Router WiFi 6 | D17: 38000
B18: P-12 | C18: Disco SSD 1TB | D18: 55000
B20: Table 1: Contains the product code, name and price.

Sheet Sales Sheet
B2: Sale No. | C2: Date | D2: Seller Code | E2: Product Code | F2: Quantity | G2: Product | H2: Unit Price | I2: Total Amount | J2: Region
B3: 1 | C3: 46205 | D3: V-02 | E3: P-01 | F3: 5 | G3: =IFERROR(VLOOKUP(E3,'Master Data'!$B$7:$D$18,2,0),"") -> Laptop 15" | H3: =IFERROR(VLOOKUP(E3,'Master Data'!$B$7:$D$18,3,0),"") -> 450000 | I3: =IFERROR(F3*H3,"") -> 2250000 | J3: =IFERROR(VLOOKUP(D3,'Master Data'!$F$7:$I$14,3,0), "") -> GUANACASTE
B4: 2 | C4: 46260 | D4: V-04 | E4: P-03 | F4: 2 | G4: =IFERROR(VLOOKUP(E4,'Master Data'!$B$7:$D$18, 2, 0), "") -> Mouse Inalámbrico | H4: =IFERROR(VLOOKUP(E4,'Master Data'!$B$7:$D$18, 3, 0), "") -> 12000 | I4: =IFERROR(F4*H4, "") -> 24000 | J4: =IFERROR(VLOOKUP(D4,'Master Data'!$F$7:$I$14,3,0), "") -> ZONA SUR
B5: 3 | C5: 46178 | D5: V-02 | E5: P-10 | F5: 7 | G5: =IFERROR(VLOOKUP(E5,'Master Data'!$B$7:$D$18, 2, 0), "") -> Impresora Multifuncional | H5: =IFERROR(VLOOKUP(E5,'Master Data'!$B$7:$D$18, 3, 0), "") -> 95000 | I5: =IFERROR(F5*H5, "") -> 665000 | J5: =IFERROR(VLOOKUP(D5,'Master Data'!$F$7:$I$14,3,0), "") -> GUANACASTE
B6: 4 | C6: 46203 | D6: V-01 | E6: P-02 | F6: 4 | G6: =IFERROR(VLOOKUP(E6,'Master Data'!$B$7:$D$18, 2, 0), "") -> Monitor 24" | H6: =IFERROR(VLOOKUP(E6,'Master Data'!$B$7:$D$18, 3, 0), "") -> 95000 | I6: =IFERROR(F6*H6, "") -> 380000 | J6: =IFERROR(VLOOKUP(D6,'Master Data'!$F$7:$I$14,3,0), "") -> GAM
B7: 5 | C7: 46265 | D7: V-01 | E7: P-09 | F7: 4 | G7: =IFERROR(VLOOKUP(E7,'Master Data'!$B$7:$D$18, 2, 0), "") -> Tablet 10" | H7: =IFERROR(VLOOKUP(E7,'Master Data'!$B$7:$D$18, 3, 0), "") -> 210000 | I7: =IFERROR(F7*H7, "") -> 840000 | J7: =IFERROR(VLOOKUP(D7,'Master Data'!$F$7:$I$14,3,0), "") -> GAM
B8: 6 | C8: 46249 | D8: V-07 | E8: P-04 | F8: 8 | G8: =IFERROR(VLOOKUP(E8,'Master Data'!$B$7:$D$18, 2, 0), "") -> Teclado Mecánico | H8: =IFERROR(VLOOKUP(E8,'Master Data'!$B$7:$D$18, 3, 0), "") -> 35000 | I8: =IFERROR(F8*H8, "") -> 280000 | J8: =IFERROR(VLOOKUP(D8,'Master Data'!$F$7:$I$14,3,0), "") -> PUNTARENAS
B9: 7 | C9: 46263 | D9: V-05 | E9: P-01 | F9: 3 | G9: =IFERROR(VLOOKUP(E9,'Master Data'!$B$7:$D$18, 2, 0), "") -> Laptop 15" | H9: =IFERROR(VLOOKUP(E9,'Master Data'!$B$7:$D$18, 3, 0), "") -> 450000 | I9: =IFERROR(F9*H9, "") -> 1350000 | J9: =IFERROR(VLOOKUP(D9,'Master Data'!$F$7:$I$14,3,0), "") -> GAM
B10: 8 | C10: 46193 | D10: V-07 | E10: P-06 | F10: 5 | G10: =IFERROR(VLOOKUP(E10,'Master Data'!$B$7:$D$18, 2, 0), "") -> Parlantes USB | H10: =IFERROR(VLOOKUP(E10,'Master Data'!$B$7:$D$18, 3, 0), "") -> 45000 | I10: =IFERROR(F10*H10, "") -> 225000 | J10: =IFERROR(VLOOKUP(D10,'Master Data'!$F$7:$I$14,3,0), "") -> PUNTARENAS
B11: 9 | C11: 46185 | D11: V-04 | E11: P-06 | F11: 2 | G11: =IFERROR(VLOOKUP(E11,'Master Data'!$B$7:$D$18, 2, 0), "") -> Parlantes USB | H11: =IFERROR(VLOOKUP(E11,'Master Data'!$B$7:$D$18, 3, 0), "") -> 45000 | I11: =IFERROR(F11*H11, "") -> 90000 | J11: =IFERROR(VLOOKUP(D11,'Master Data'!$F$7:$I$14,3,0), "") -> ZONA SUR
B12: 10 | C12: 46218 | D12: V-07 | E12: P-02 | F12: 6 | G12: =IFERROR(VLOOKUP(E12,'Master Data'!$B$7:$D$18, 2, 0), "") -> Monitor 24" | H12: =IFERROR(VLOOKUP(E12,'Master Data'!$B$7:$D$18, 3, 0), "") -> 95000 | I12: =IFERROR(F12*H12, "") -> 570000 | J12: =IFERROR(VLOOKUP(D12,'Master Data'!$F$7:$I$14,3,0), "") -> PUNTARENAS
B13: 11 | C13: 46242 | D13: V-05 | E13: P-01 | F13: 8 | G13: =IFERROR(VLOOKUP(E13,'Master Data'!$B$7:$D$18, 2, 0), "") -> Laptop 15" | H13: =IFERROR(VLOOKUP(E13,'Master Data'!$B$7:$D$18, 3, 0), "") -> 450000 | I13: =IFERROR(F13*H13, "") -> 3600000 | J13: =IFERROR(VLOOKUP(D13,'Master Data'!$F$7:$I$14,3,0), "") -> GAM
B14: 12 | C14: 46244 | D14: V-02 | E14: P-07 | F14: 2 | G14: =IFERROR(VLOOKUP(E14,'Master Data'!$B$7:$D$18, 2, 0), "") -> Silla Gamer | H14: =IFERROR(VLOOKUP(E14,'Master Data'!$B$7:$D$18, 3, 0), "") -> 180000 | I14: =IFERROR(F14*H14, "") -> 360000 | J14: =IFERROR(VLOOKUP(D14,'Master Data'!$F$7:$I$14,3,0), "") -> GUANACASTE
B15: 13 | C15: 46247 | D15: V-05 | E15: P-11 | F15: 6 | G15: =IFERROR(VLOOKUP(E15,'Master Data'!$B$7:$D$18, 2, 0), "") -> Router WiFi 6 | H15: =IFERROR(VLOOKUP(E15,'Master Data'!$B$7:$D$18, 3, 0), "") -> 38000 | I15: =IFERROR(F15*H15, "") -> 228000 | J15: =IFERROR(VLOOKUP(D15,'Master Data'!$F$7:$I$14,3,0), "") -> GAM
... B42: 40 | C42: 46188 | D42: V-06 | E42: P-08 | F42: 1 | G42: =IFERROR(VLOOKUP(E42,'Master Data'!$B$7:$D$18, 2, 0), "") -> Escritorio Ajustable | H42: =IFERROR(VLOOKUP(E42,'Master Data'!$B$7:$D$18, 3, 0), "") -> 120000 | I42: =IFERROR(F42*H42, "") -> 120000 | J42: =IFERROR(VLOOKUP(D42,'Master Data'!$F$7:$I$14,3,0), "") -> GUANACASTE
G44: TOTAL INVOICED: | I44: =SUM(I3:I42) -> 20904000

Sheet Performance Level
B2: Seller data (Code, name, region and quota are fixed)
B4: Code | C4: Name | D4: Region | E4: Monthly Quota | F4: Total Sold | G4: Met Quota | H4: Performance Level
B5: V-01 | C5: Andrea Solano | D5: GAM | E5: 1350000 | F5: =SUMIF('Sales Sheet'!$D$3:$D$42,'Performance Level'!B5,'Sales Sheet'!$I$3:$I$42) -> 1220000 | G5: =IF(F5>=E5,"Yes","No") -> No | H5: =IF(F5>=E5,"High",IF(F5>=E5*0.7,"Medium","Low")) -> Medium
B6: V-02 | C6: Kevin Mora | D6: Guanacaste | E6: 3250000 | F6: =SUMIF('Sales Sheet'!$D$3:$D$42,'Performance Level'!B6,'Sales Sheet'!$I$3:$I$42) -> 4650000 | G6: =IF(F6>=E6, "Yes", "No") -> Yes | H6: =IF(F6>=E6,"High",IF(F6>=E6*0.7,"Medium","Low")) -> High
B7: V-03 | C7: Priscilla Jiménez | D7: Puntarenas | E7: 850000 | F7: =SUMIF('Sales Sheet'!$D$3:$D$42,'Performance Level'!B7,'Sales Sheet'!$I$3:$I$42) -> 654000 | G7: =IF(F7>=E7, "Yes", "No") -> No | H7: =IF(F7>=E7,"High",IF(F7>=E7*0.7,"Medium","Low")) -> Medium
B8: V-04 | C8: Esteban Rojas | D8: Zona Sur | E8: 900000 | F8: =SUMIF('Sales Sheet'!$D$3:$D$42,'Performance Level'!B8,'Sales Sheet'!$I$3:$I$42) -> 1136000 | G8: =IF(F8>=E8, "Yes", "No") -> Yes | H8: =IF(F8>=E8,"High",IF(F8>=E8*0.7,"Medium","Low")) -> High
B9: V-05 | C9: Melissa Campos | D9: GAM | E9: 5500000 | F9: =SUMIF('Sales Sheet'!$D$3:$D$42,'Performance Level'!B9,'Sales Sheet'!$I$3:$I$42) -> 6125000 | G9: =IF(F9>=E9, "Yes", "No") -> Yes | H9: =IF(F9>=E9,"High",IF(F9>=E9*0.7,"Medium","Low")) -> High
B10: V-06 | C10: Diego Vargas | D10: Guanacaste | E10: 4750000 | F10: =SUMIF('Sales Sheet'!$D$3:$D$42,'Performance Level'!B10,'Sales Sheet'!$I$3:$I$42) -> 3379000 | G10: =IF(F10>=E10, "Yes", "No") -> No | H10: =IF(F10>=E10,"High",IF(F10>=E10*0.7,"Medium","Low")) -> Medium
B11: V-07 | C11: Natalia Chinchilla | D11: Puntarenas | E11: 1650000 | F11: =SUMIF('Sales Sheet'!$D$3:$D$42,'Performance Level'!B11,'Sales Sheet'!$I$3:$I$42) -> 2205000 | G11: =IF(F11>=E11, "Yes", "No") -> Yes | H11: =IF(F11>=E11,"High",IF(F11>=E11*0.7,"Medium","Low")) -> High
B12: V-08 | C12: Josué Salas | D12: Zona Sur | E12: 1850000 | F12: =SUMIF('Sales Sheet'!$D$3:$D$42,'Performance Level'!B12,'Sales Sheet'!$I$3:$I$42) -> 1535000 | G12: =IF(F12>=E12, "Yes", "No") -> No | H12: =IF(F12>=E12,"High",IF(F12>=E12*0.7,"Medium","Low")) -> Medium
B14: Sellers who met the quota: | E14: =COUNTIF(G5:G12, "Yes") -> 4
B18: Sales data
B19: Highest sale recorded | C19: =MAX('Sales Sheet'!$I$3:$I$42) -> 3600000
B20: Lowest sale recorded | C20: =MIN('Sales Sheet'!I3:I42) -> 12000
B21: Average sale per transaction | C21: =AVERAGE('Sales Sheet'!I3:I42) -> 522600
B22: Highest total sold among sellers | C22: =MAX('Performance Level'!F5:F12) -> 6125000
B23: Lowest total sold among sellers | C23: =MIN('Performance Level'!F5:F12) -> 654000
B24: Number of sellers evaluated | C24: =COUNTA('Performance Level'!C5:C12) -> 8

Sheet Dashboard
B2: DASHBOARD — TechnoCell
B4: These indicators are calculated automatically. They will vary according to your data.
B6: Total invoiced | C6: ='Sales Sheet'!$I$44 -> 20904000
B8: Highest sale | C8: ='Performance Level'!$C$19 -> 3600000
B10: Average per trans | C10: ='Performance Level'!$C$21 -> 522600
B12: Met the quota | C12: ='Performance Level'!$E$14 -> 4
B15: Inserted a pivot table and pivot chart, plus a data slicer.
B17: Etiquetas de fila | C17: Sum of Total Amount
B18: V-01 | C18: 1220000
B19: V-02 | C19: 4650000
B20: V-03 | C20: 654000
B21: V-04 | C21: 1136000
B22: V-05 | C22: 6125000
B23: V-06 | C23: 3379000
B24: V-07 | C24: 2205000
B25: V-08 | C25: 1535000
B26: Total general | C26: 20904000
B47: Etiquetas de fila | C47: Suma de Quantity
B48: Audífonos Bluetooth | C48: 2
B49: Disco SSD 1TB | C49: 9
B50: Escritorio Ajustable | C50: 2
B51: Impresora Multifuncional | C51: 26
B52: Laptop 15" | C52: 20
B53: Monitor 24" | C53: 16
B54: Mouse Inalámbrico | C54: 21
B55: Parlantes USB | C55: 11
B56: Router WiFi 6 | C56: 27
B57: Silla Gamer | C57: 20
B58: Tablet 10" | C58: 7
B59: Teclado Mecánico | C59: 8
B60: Total general | C60: 169

Sheet Methodology
B2: METHODOLOGY
B4: A synthetic dataset was designed for a fictitious technology company (TechnoCell), with a product catalog, a team of 8 sellers and 40 sales transactions. From that dataset, tasks were set up for each sheet, along with the creation of a dashboard that consolidates the results automatically.
B11: Functions and tools applied:
B12: 1. Lookup: VLOOKUP, IFERROR
B13: 2. Conditionals: IF, nested IF, COUNTIF, SUMIF
B14: 3. Statistics: AVERAGE, MAX, MIN, COUNT
B15: 4. Data slicers
B16: 5. Conditional formatting and data validation
B17: 6. Professional formatting and dashboard design
B18: 7. Data filters in a table
B19: 8. Pivot tables
B20: 9. Pivot charts
... B51: Summary of four indicators linked by formulas to the other sheets: total invoiced (Sales Sheet), highest sale and average per transaction (Performance Level) and number of sellers who met the quota (Performance Level). They update automatically whenever the source data changes.
